INSERT INTO categories (id, name, description, created_at, user_id) VALUES
(1, 'Java',         'Cursos e conteúdos focados em Java',                              '2025-10-01 10:00:00', 1),
(2, 'Spring',       'Conteúdos sobre Spring Boot, Spring Data JPA e Spring Security',  '2025-10-01 10:00:00', 1),
(3, 'Banco de Dados','Estudos sobre modelagem, SQL e persistência',                    '2025-10-01 10:00:00', 1),
(4, 'Backend',      'Arquitetura backend, APIs REST e boas práticas',                  '2025-10-01 10:00:00', 1),
(5, 'Ferramentas',  'Git, Docker, Postman e ferramentas de desenvolvimento',           '2025-10-01 10:00:00', 1),
(6, 'CS',           'Conteúdos de algoritmos, lógica e fundamentos',                   '2025-10-01 10:00:00', 1);


INSERT INTO courses (id, title, description, status, created_at, updated_at, category_id, user_id) VALUES
(1, 'Java Completo',                 'Fundamentos da linguagem Java, POO e coleções',          'IN_PROGRESS', '2025-10-01 10:00:00', '2026-03-01 10:00:00', 1, 1),
(2, 'Spring Boot Fundamentals',      'Criação de APIs REST com Spring Boot',                   'IN_PROGRESS', '2025-11-01 10:00:00', '2026-03-01 10:00:00', 2, 1),
(3, 'Spring Data JPA na Prática',    'Persistência de dados com JPA e Hibernate',              'IN_PROGRESS', '2025-12-01 10:00:00', '2026-03-01 10:00:00', 2, 1),
(4, 'SQL e Modelagem Relacional',    'Banco de dados relacional, SQL e modelagem',             'IN_PROGRESS', '2025-12-15 10:00:00', '2026-02-01 10:00:00', 3, 1),
(5, 'Arquitetura Backend',           'Boas práticas para organização de APIs e camadas',       'IN_PROGRESS', '2026-01-05 10:00:00', '2026-03-01 10:00:00', 4, 1),
(6, 'Git e GitHub',                  'Versionamento, branching e colaboração',                 'IN_PROGRESS', '2026-02-01 10:00:00', '2026-03-01 10:00:00', 5, 1),
(7, 'Docker para Desenvolvedores',   'Containers, imagens e ambientes isolados',               'PLANNED',     '2026-02-15 10:00:00', '2026-02-15 10:00:00', 5, 1),
(8, 'Algoritmos e Estruturas de Dados','Lógica, listas, pilhas, filas e ordenação',            'PLANNED',     '2026-03-01 10:00:00', '2026-03-01 10:00:00', 6, 1);

INSERT INTO modules (id, title, description, position, created_at, course_id) VALUES
(1,  'Introdução ao Java',              'Primeiros conceitos da linguagem',            1, '2025-10-01 10:00:00', 1),
(2,  'Programação Orientada a Objetos', 'Classes, objetos, herança e polimorfismo',   2, '2025-10-01 10:00:00', 1),
(3,  'Coleções e Streams',              'List, Set, Map e Stream API',                3, '2025-10-01 10:00:00', 1),
(4,  'Tratamento de Exceções',          'Exceptions, throw, try/catch',               4, '2025-10-01 10:00:00', 1),
(5,  'Introdução ao Spring Boot',       'Primeiros passos com Spring Boot',            1, '2025-11-01 10:00:00', 2),
(6,  'Criando Controllers REST',        'Endpoints, request e response',              2, '2025-11-01 10:00:00', 2),
(7,  'Service e Repository',            'Organização em camadas',                     3, '2025-11-01 10:00:00', 2),
(8,  'Validação e Exception Handler',   'Validação de entrada e tratamento de erros', 4, '2025-11-01 10:00:00', 2),
(9,  'Fundamentos do JPA',              'Entidades, tabelas e relacionamentos',        1, '2025-12-01 10:00:00', 3),
(10, 'Repositories e Consultas',        'JpaRepository, queries e paginação',         2, '2025-12-01 10:00:00', 3),
(11, 'Relacionamentos no JPA',          'OneToMany, ManyToOne e boas práticas',       3, '2025-12-01 10:00:00', 3),
(12, 'Modelagem de Banco',              'Entidades, relacionamentos e DER',            1, '2025-12-15 10:00:00', 4),
(13, 'Consultas SQL Básicas',           'SELECT, WHERE, ORDER BY',                   2, '2025-12-15 10:00:00', 4),
(14, 'Joins e Agregações',              'INNER JOIN, LEFT JOIN, COUNT, SUM',          3, '2025-12-15 10:00:00', 4),
(15, 'Arquitetura em Camadas',          'Controller, Service, Repository',             1, '2026-01-05 10:00:00', 5),
(16, 'DTOs e Mappers',                  'Separação de entrada/saída e conversão',     2, '2026-01-05 10:00:00', 5),
(17, 'Boas Práticas em APIs REST',      'Status codes, naming e versionamento',       3, '2026-01-05 10:00:00', 5),
(18, 'Fundamentos do Git',              'init, add, commit, log',                     1, '2026-02-01 10:00:00', 6),
(19, 'Branches e Merge',                'branch, checkout, merge',                    2, '2026-02-01 10:00:00', 6),
(20, 'GitHub na Prática',               'push, pull, repositórios remotos',           3, '2026-02-01 10:00:00', 6),
(21, 'Introdução ao Docker',            'Conceitos básicos de containers',             1, '2026-02-15 10:00:00', 7),
(22, 'Imagens e Containers',            'docker run, build, ps, images',             2, '2026-02-15 10:00:00', 7),
(23, 'Docker Compose',                  'Orquestração simples de serviços',           3, '2026-02-15 10:00:00', 7),
(24, 'Lógica e Complexidade',           'Big O, análise básica',                      1, '2026-03-01 10:00:00', 8),
(25, 'Estruturas Lineares',             'Arrays, listas, pilhas e filas',             2, '2026-03-01 10:00:00', 8),
(26, 'Ordenação e Busca',               'Bubble sort, merge sort, binary search',     3, '2026-03-01 10:00:00', 8);

INSERT INTO lessons (id, title, description, position, estimated_minutes, lesson_url, created_at, module_id) VALUES
(1,  'O que é Java',                       'Visão geral da linguagem e da JVM',                    1, 15, 'https://youtube.com/watch?v=java01', '2025-10-01 10:00:00', 1),
(2,  'Instalando JDK e IDE',               'Configuração do ambiente de desenvolvimento',           2, 20, 'https://youtube.com/watch?v=java02', '2025-10-01 10:00:00', 1),
(3,  'Primeiro programa em Java',          'Hello World e estrutura básica',                       3, 18, 'https://youtube.com/watch?v=java03', '2025-10-01 10:00:00', 1),
(4,  'Variáveis e tipos primitivos',       'Tipos básicos da linguagem',                           4, 25, 'https://youtube.com/watch?v=java04', '2025-10-01 10:00:00', 1),
(5,  'Classes e objetos',                  'Conceitos básicos de POO em Java',                     1, 30, 'https://youtube.com/watch?v=java05', '2025-10-01 10:00:00', 2),
(6,  'Encapsulamento',                     'Getters, setters e modificadores de acesso',            2, 22, 'https://youtube.com/watch?v=java06', '2025-10-01 10:00:00', 2),
(7,  'Herança',                            'Reutilização de código com herança',                   3, 28, 'https://youtube.com/watch?v=java07', '2025-10-01 10:00:00', 2),
(8,  'Polimorfismo',                       'Sobrescrita e comportamento dinâmico',                  4, 26, 'https://youtube.com/watch?v=java08', '2025-10-01 10:00:00', 2),
(9,  'List e ArrayList',                   'Listas e operações básicas',                           1, 25, 'https://youtube.com/watch?v=java09', '2025-10-01 10:00:00', 3),
(10, 'Set e Map',                          'HashSet, HashMap e diferenças',                        2, 28, 'https://youtube.com/watch?v=java10', '2025-10-01 10:00:00', 3),
(11, 'Stream API',                         'filter, map, collect e operações funcionais',           3, 35, 'https://youtube.com/watch?v=java11', '2025-10-01 10:00:00', 3),
(12, 'O que são Exceptions',              'Hierarquia e tipos de exceção',                         1, 20, 'https://youtube.com/watch?v=java12', '2025-10-01 10:00:00', 4),
(13, 'try, catch e finally',              'Capturando e tratando exceções',                        2, 22, 'https://youtube.com/watch?v=java13', '2025-10-01 10:00:00', 4),
(14, 'Criando exceções customizadas',     'Exceptions personalizadas com RuntimeException',        3, 18, 'https://youtube.com/watch?v=java14', '2025-10-01 10:00:00', 4),
(15, 'O que é Spring Boot',               'Visão geral do framework',                              1, 18, 'https://youtube.com/watch?v=spring01', '2025-11-01 10:00:00', 5),
(16, 'Criando projeto no Spring Initializr','Dependências e estrutura inicial',                   2, 20, 'https://youtube.com/watch?v=spring02', '2025-11-01 10:00:00', 5),
(17, 'Estrutura do projeto Spring Boot',  'Pacotes e organização',                                3, 22, 'https://youtube.com/watch?v=spring03', '2025-11-01 10:00:00', 5),
(18, 'Criando o primeiro Controller',     'Primeiro endpoint REST',                                1, 20, 'https://youtube.com/watch?v=spring04', '2025-11-01 10:00:00', 6),
(19, 'RequestBody e ResponseEntity',      'Recebendo e retornando dados',                         2, 25, 'https://youtube.com/watch?v=spring05', '2025-11-01 10:00:00', 6),
(20, 'PathVariable e RequestParam',       'Parâmetros em rotas e queries',                        3, 20, 'https://youtube.com/watch?v=spring06', '2025-11-01 10:00:00', 6),
(21, 'Criando a camada Service',          'Regras de negócio no service',                         1, 22, 'https://youtube.com/watch?v=spring07b', '2025-11-01 10:00:00', 7),
(22, 'Injeção de dependência',            '@Autowired e @Service na prática',                     2, 20, 'https://youtube.com/watch?v=spring08b', '2025-11-01 10:00:00', 7),
(23, 'Criando o Repository',              '@Repository e Spring Data JPA básico',                 3, 18, 'https://youtube.com/watch?v=spring09b', '2025-11-01 10:00:00', 7),
(24, 'Validação com Jakarta Validation',  'NotBlank, NotNull, Size',                              1, 22, 'https://youtube.com/watch?v=spring07', '2025-11-01 10:00:00', 8),
(25, 'Criando exceptions customizadas',   'ResourceNotFoundException e outras',                   2, 18, 'https://youtube.com/watch?v=spring08', '2025-11-01 10:00:00', 8),
(26, 'GlobalExceptionHandler',            'Tratamento global de erros',                           3, 24, 'https://youtube.com/watch?v=spring09', '2025-11-01 10:00:00', 8),
(27, 'O que é JPA',                       'Conceitos iniciais',                                   1, 15, 'https://youtube.com/watch?v=jpa01', '2025-12-01 10:00:00', 9),
(28, 'Criando entidades',                 '@Entity, @Table, @Id e @GeneratedValue',               2, 25, 'https://youtube.com/watch?v=jpa02', '2025-12-01 10:00:00', 9),
(29, 'Relacionamentos no JPA',            '@ManyToOne e @OneToMany',                              3, 30, 'https://youtube.com/watch?v=jpa03', '2025-12-01 10:00:00', 9),
(30, 'JpaRepository e métodos prontos',   'save, findById, findAll e delete',                     1, 20, 'https://youtube.com/watch?v=jpa04', '2025-12-01 10:00:00', 10),
(31, 'Consultas com @Query',              'JPQL e queries customizadas',                          2, 25, 'https://youtube.com/watch?v=jpa05', '2025-12-01 10:00:00', 10),
(32, 'Paginação com Pageable',            'Page, Pageable e resultados paginados',                3, 22, 'https://youtube.com/watch?v=jpa06', '2025-12-01 10:00:00', 10),
(33, 'OneToMany e ManyToOne',             'Relacionamentos bidirecionais',                        1, 28, 'https://youtube.com/watch?v=jpa07', '2025-12-01 10:00:00', 11),
(34, 'Cascade e FetchType',               'Propagação e carregamento lazy/eager',                 2, 30, 'https://youtube.com/watch?v=jpa08', '2025-12-01 10:00:00', 11),
(35, 'ManyToMany e tabela intermediária', 'Relacionamentos N para N',                             3, 25, 'https://youtube.com/watch?v=jpa09', '2025-12-01 10:00:00', 11),
(36, 'Entidades e atributos',             'Identificando entidades do domínio',                   1, 20, 'https://youtube.com/watch?v=sql01', '2025-12-15 10:00:00', 12),
(37, 'Relacionamentos e cardinalidade',   '1:1, 1:N e N:M',                                     2, 22, 'https://youtube.com/watch?v=sql02', '2025-12-15 10:00:00', 12),
(38, 'Diagrama ER',                       'Criando o DER do sistema',                            3, 18, 'https://youtube.com/watch?v=sql03', '2025-12-15 10:00:00', 12),
(39, 'SELECT e FROM',                     'Buscando dados em tabelas',                            1, 15, 'https://youtube.com/watch?v=sql04', '2025-12-15 10:00:00', 13),
(40, 'WHERE e ORDER BY',                  'Filtrando e ordenando resultados',                     2, 18, 'https://youtube.com/watch?v=sql05', '2025-12-15 10:00:00', 13),
(41, 'INSERT, UPDATE e DELETE',           'Manipulando dados no banco',                           3, 20, 'https://youtube.com/watch?v=sql06', '2025-12-15 10:00:00', 13),
(42, 'INNER JOIN',                        'Cruzando tabelas relacionadas',                        1, 22, 'https://youtube.com/watch?v=sql07', '2025-12-15 10:00:00', 14),
(43, 'LEFT JOIN e RIGHT JOIN',            'Incluindo registros sem correspondência',               2, 20, 'https://youtube.com/watch?v=sql08', '2025-12-15 10:00:00', 14),
(44, 'COUNT, SUM, AVG e GROUP BY',        'Funções de agregação',                                 3, 25, 'https://youtube.com/watch?v=sql09', '2025-12-15 10:00:00', 14),
(45, 'Controller Layer',                  'Responsabilidades da camada de controller',            1, 15, 'https://youtube.com/watch?v=arch01', '2026-01-05 10:00:00', 15),
(46, 'Service Layer',                     'Regras de negócio no service',                        2, 20, 'https://youtube.com/watch?v=arch02', '2026-01-05 10:00:00', 15),
(47, 'Repository Layer',                  'Persistência e acesso ao banco',                      3, 18, 'https://youtube.com/watch?v=arch03', '2026-01-05 10:00:00', 15),
(48, 'O que são DTOs',                    'Request e Response objects',                           1, 15, 'https://youtube.com/watch?v=arch04', '2026-01-05 10:00:00', 16),
(49, 'Criando DTOs manualmente',          'Separando entrada e saída da API',                    2, 20, 'https://youtube.com/watch?v=arch05', '2026-01-05 10:00:00', 16),
(50, 'MapStruct para mapeamento',         'Automatizando conversão de entidades',                 3, 22, 'https://youtube.com/watch?v=arch06', '2026-01-05 10:00:00', 16),
(51, 'HTTP Status Codes',                 '200, 201, 400, 404 e 500 na prática',                  1, 18, 'https://youtube.com/watch?v=arch07', '2026-01-05 10:00:00', 17),
(52, 'Nomenclatura de endpoints',         'Boas práticas de naming em REST',                     2, 15, 'https://youtube.com/watch?v=arch08', '2026-01-05 10:00:00', 17),
(53, 'Versionamento de APIs',             'Estratégias de versionamento REST',                   3, 20, 'https://youtube.com/watch?v=arch09', '2026-01-05 10:00:00', 17),
(54, 'O que é versionamento',             'Conceitos básicos de controle de versão',              1, 12, 'https://youtube.com/watch?v=git01', '2026-02-01 10:00:00', 18),
(55, 'git init, add e commit',            'Primeiros comandos',                                   2, 20, 'https://youtube.com/watch?v=git02', '2026-02-01 10:00:00', 18),
(56, 'git log e histórico',               'Inspecionando commits',                                3, 14, 'https://youtube.com/watch?v=git03', '2026-02-01 10:00:00', 18),
(57, 'Criando e listando branches',       'git branch e git checkout',                            1, 15, 'https://youtube.com/watch?v=git04', '2026-02-01 10:00:00', 19),
(58, 'Merge e resolução de conflitos',    'git merge e como resolver conflitos',                  2, 25, 'https://youtube.com/watch?v=git05', '2026-02-01 10:00:00', 19),
(59, 'Git Flow básico',                   'Estratégia de branches para projetos',                 3, 20, 'https://youtube.com/watch?v=git06', '2026-02-01 10:00:00', 19),
(60, 'Criando repositório no GitHub',     'Repositórios públicos e privados',                    1, 15, 'https://youtube.com/watch?v=git07', '2026-02-01 10:00:00', 20),
(61, 'git push e git pull',               'Sincronizando com o remoto',                          2, 18, 'https://youtube.com/watch?v=git08', '2026-02-01 10:00:00', 20),
(62, 'Pull Requests e Code Review',       'Colaboração no GitHub',                               3, 22, 'https://youtube.com/watch?v=git09', '2026-02-01 10:00:00', 20),
(63, 'O que é Docker',                    'Conceitos básicos de containers',                     1, 18, 'https://youtube.com/watch?v=docker01', '2026-02-15 10:00:00', 21),
(64, 'Diferença VM x Container',          'Vantagens dos containers sobre VMs',                  2, 15, 'https://youtube.com/watch?v=docker02', '2026-02-15 10:00:00', 21),
(65, 'Instalando e testando Docker',      'Setup e primeiro container',                          3, 20, 'https://youtube.com/watch?v=docker03', '2026-02-15 10:00:00', 21),
(66, 'docker run e docker ps',            'Executando e listando containers',                    1, 20, 'https://youtube.com/watch?v=docker04', '2026-02-15 10:00:00', 22),
(67, 'Criando Dockerfile',                'Construindo imagens personalizadas',                   2, 25, 'https://youtube.com/watch?v=docker05', '2026-02-15 10:00:00', 22),
(68, 'docker build e docker images',      'Compilando e gerenciando imagens',                    3, 22, 'https://youtube.com/watch?v=docker06', '2026-02-15 10:00:00', 22),
(69, 'O que é Docker Compose',           'Orquestrando múltiplos serviços',                     1, 18, 'https://youtube.com/watch?v=docker07', '2026-02-15 10:00:00', 23),
(70, 'docker-compose.yml',               'Estrutura do arquivo de configuração',                  2, 22, 'https://youtube.com/watch?v=docker08', '2026-02-15 10:00:00', 23),
(71, 'docker compose up e down',          'Iniciando e parando serviços',                        3, 20, 'https://youtube.com/watch?v=docker09', '2026-02-15 10:00:00', 23),
(72, 'Notação Big O',                     'Analisando complexidade de algoritmos',                1, 20, 'https://youtube.com/watch?v=algo01', '2026-03-01 10:00:00', 24),
(73, 'Complexidade de tempo',             'O(1), O(n), O(log n) e O(n²)',                       2, 25, 'https://youtube.com/watch?v=algo02', '2026-03-01 10:00:00', 24),
(74, 'Complexidade de espaço',            'Memória e trade-offs em algoritmos',                  3, 22, 'https://youtube.com/watch?v=algo03', '2026-03-01 10:00:00', 24),
(75, 'Arrays e alocação',                 'Acesso indexado e limitações',                        1, 20, 'https://youtube.com/watch?v=algo04', '2026-03-01 10:00:00', 25),
(76, 'Pilhas e Filas',                    'Stack LIFO e Queue FIFO',                             2, 25, 'https://youtube.com/watch?v=algo05', '2026-03-01 10:00:00', 25),
(77, 'Listas encadeadas',                 'Linked lists e ponteiros',                             3, 28, 'https://youtube.com/watch?v=algo06', '2026-03-01 10:00:00', 25),
(78, 'Bubble Sort e Selection Sort',      'Ordenação básica e análise',                          1, 22, 'https://youtube.com/watch?v=algo07', '2026-03-01 10:00:00', 26),
(79, 'Merge Sort e Quick Sort',           'Ordenação eficiente divide e conquista',               2, 30, 'https://youtube.com/watch?v=algo08', '2026-03-01 10:00:00', 26),
(80, 'Busca Binária',                     'Binary search em arrays ordenados',                   3, 25, 'https://youtube.com/watch?v=algo09', '2026-03-01 10:00:00', 26);

INSERT INTO lesson_progress (id, completed, completed_at, user_id, lesson_id) VALUES
(1,  TRUE, '2025-10-05 19:45:00', 1, 1),
(2,  TRUE, '2025-10-07 20:20:00', 1, 2),
(3,  TRUE, '2025-10-09 19:00:00', 1, 3),
(4,  TRUE, '2025-10-12 20:00:00', 1, 4),
(5,  TRUE, '2025-10-15 21:00:00', 1, 5),
(6,  TRUE, '2025-10-18 19:30:00', 1, 6),
(7,  TRUE, '2025-10-21 20:45:00', 1, 7),
(8,  TRUE, '2025-10-25 19:15:00', 1, 8),
(9,  TRUE, '2025-10-28 20:00:00', 1, 9),
(10, TRUE, '2025-10-30 21:10:00', 1, 10),
(11, TRUE, '2025-11-03 19:00:00', 1, 11),
(12, TRUE, '2025-11-05 20:00:00', 1, 15),
(13, TRUE, '2025-11-07 19:30:00', 1, 16),
(14, TRUE, '2025-11-10 21:00:00', 1, 17),
(15, TRUE, '2025-11-13 20:15:00', 1, 18),
(16, TRUE, '2025-11-17 19:45:00', 1, 19),
(17, TRUE, '2025-11-20 21:30:00', 1, 20),
(18, TRUE, '2025-11-24 20:00:00', 1, 21),
(19, TRUE, '2025-11-28 19:15:00', 1, 22),
(20, TRUE, '2025-12-02 20:30:00', 1, 27),
(21, TRUE, '2025-12-05 19:00:00', 1, 28),
(22, TRUE, '2025-12-09 21:00:00', 1, 29),
(23, TRUE, '2025-12-12 20:15:00', 1, 30),
(24, TRUE, '2025-12-16 19:30:00', 1, 31),
(25, TRUE, '2025-12-18 20:00:00', 1, 36),
(26, TRUE, '2025-12-20 19:45:00', 1, 37),
(27, TRUE, '2025-12-23 21:00:00', 1, 38),
(28, TRUE, '2025-12-26 19:00:00', 1, 39),
(29, TRUE, '2026-01-04 20:30:00', 1, 40),
(30, TRUE, '2026-01-10 19:30:00', 1, 45),
(31, TRUE, '2026-01-14 20:45:00', 1, 46),
(32, TRUE, '2026-01-18 19:15:00', 1, 47),
(33, TRUE, '2026-02-03 20:00:00', 1, 54),
(34, TRUE, '2026-02-06 19:30:00', 1, 55),
(35, TRUE, '2026-02-10 21:00:00', 1, 56);

INSERT INTO study_sessions (id, duration_minutes, notes, studied_at, user_id, lesson_id) VALUES
(1,  35, 'Estudei introdução ao Java',                         '2025-10-05 19:30:00', 1, 1),
(2,  40, 'Configuração do ambiente',                           '2025-10-07 20:00:00', 1, 2),
(3,  30, 'Hello World e tipos primitivos',                     '2025-10-09 18:45:00', 1, 3),
(4,  50, 'POO e classes',                                      '2025-10-12 20:15:00', 1, 5),
(5,  35, 'Encapsulamento e getters/setters',                   '2025-10-15 19:30:00', 1, 6),
(6,  28, 'Herança em Java',                                    '2025-10-18 21:00:00', 1, 7),
(7,  40, 'Polimorfismo na prática',                            '2025-10-22 19:15:00', 1, 8),
(8,  32, 'Coleções: List e ArrayList',                         '2025-10-28 20:30:00', 1, 9),
(9,  42, 'Stream API: filter e map',                           '2025-11-02 19:00:00', 1, 11),
(10, 45, 'Primeiros passos com Spring Boot',                   '2025-11-05 21:10:00', 1, 15),
(11, 38, 'Spring Initializr e estrutura do projeto',           '2025-11-07 19:30:00', 1, 16),
(12, 50, 'Criando primeiro Controller',                        '2025-11-10 20:45:00', 1, 18),
(13, 35, 'RequestBody e ResponseEntity',                       '2025-11-13 19:00:00', 1, 19),
(14, 40, 'PathVariable e RequestParam',                        '2025-11-17 21:30:00', 1, 20),
(15, 55, 'Validação com Jakarta Validation',                   '2025-11-20 19:15:00', 1, 24),
(16, 30, 'Exceptions customizadas',                            '2025-11-24 20:00:00', 1, 25),
(17, 45, 'GlobalExceptionHandler',                             '2025-11-27 19:45:00', 1, 26),
(18, 38, 'Revisão geral de Spring Boot',                       '2025-11-30 20:30:00', 1, NULL),
(19, 60, 'Entidades com JPA',                                  '2025-12-02 19:00:00', 1, 28),
(20, 48, 'Relacionamentos JPA: ManyToOne',                     '2025-12-05 20:15:00', 1, 29),
(21, 40, 'JpaRepository e métodos prontos',                    '2025-12-08 19:30:00', 1, 30),
(22, 55, 'Consultas com @Query',                               '2025-12-11 21:00:00', 1, 31),
(23, 42, 'Paginação com Pageable',                             '2025-12-14 19:15:00', 1, 32),
(24, 50, 'OneToMany e ManyToOne bidirecional',                 '2025-12-16 20:45:00', 1, 33),
(25, 35, 'Modelagem de banco de dados',                        '2025-12-18 19:00:00', 1, 36),
(26, 40, 'Relacionamentos e cardinalidade',                    '2025-12-20 21:30:00', 1, 37),
(27, 45, 'Diagrama ER do projeto',                             '2025-12-22 20:00:00', 1, 38),
(28, 38, 'SELECT e WHERE básico',                              '2025-12-26 19:45:00', 1, 39),
(29, 50, 'INSERT, UPDATE e DELETE',                            '2025-12-29 20:30:00', 1, 41),
(30, 55, 'Revisão JPA e SQL',                                  '2025-12-31 16:00:00', 1, NULL),
(31, 35, 'Arquitetura em camadas',                             '2026-01-05 19:30:00', 1, 45),
(32, 28, 'Controller Layer na prática',                        '2026-01-08 20:00:00', 1, 45),
(33, 30, 'Service Layer e regras de negócio',                  '2026-01-12 18:30:00', 1, 46),
(34, 35, 'Repository Layer',                                   '2026-01-15 21:00:00', 1, 47),
(35, 25, 'O que são DTOs',                                     '2026-01-18 19:15:00', 1, 48),
(36, 30, 'Criando DTOs manualmente',                           '2026-01-21 20:30:00', 1, 49),
(37, 28, 'MapStruct para mapeamento',                          '2026-01-24 19:45:00', 1, 50),
(38, 32, 'HTTP Status Codes na prática',                       '2026-01-27 21:00:00', 1, 51),
(39, 25, 'Revisão de arquitetura backend',                     '2026-01-30 20:00:00', 1, NULL),
(40, 25, 'Git: o que é versionamento',                         '2026-02-01 17:40:00', 1, 54),
(41, 40, 'git init, add e commit',                             '2026-02-03 20:00:00', 1, 55),
(42, 35, 'git log e histórico de commits',                     '2026-02-06 19:00:00', 1, 56),
(43, 50, 'Branches e checkout',                                '2026-02-09 21:00:00', 1, 57),
(44, 55, 'Merge e resolução de conflitos',                     '2026-02-12 19:30:00', 1, 58),
(45, 45, 'Repositório no GitHub',                              '2026-02-15 20:00:00', 1, 60),
(46, 50, 'git push e pull',                                    '2026-02-18 21:15:00', 1, 61),
(47, 60, 'INNER JOIN na prática',                              '2026-02-21 19:45:00', 1, 42),
(48, 48, 'LEFT JOIN e GROUP BY',                               '2026-02-24 20:30:00', 1, 43),
(49, 55, 'Revisão geral de backend',                           '2026-02-27 20:00:00', 1, NULL),
(50, 70, 'Controllers REST e prática',                         '2026-03-02 21:00:00', 1, 18),
(51, 55, 'Injeção de dependência na prática',                  '2026-03-05 19:30:00', 1, 22),
(52, 60, 'Cascade e FetchType no JPA',                         '2026-03-08 20:45:00', 1, 34),
(53, 50, 'COUNT, SUM e agregações SQL',                        '2026-03-11 19:15:00', 1, 44),
(54, 45, 'Revisão geral: Java + Spring',                       '2026-03-13 20:00:00', 1, NULL);

SELECT setval(pg_get_serial_sequence('categories',     'id'), 7);
SELECT setval(pg_get_serial_sequence('courses',        'id'), 9);
SELECT setval(pg_get_serial_sequence('modules',        'id'), 27);
SELECT setval(pg_get_serial_sequence('lessons',        'id'), 81);
SELECT setval(pg_get_serial_sequence('lesson_progress','id'), 36);
SELECT setval(pg_get_serial_sequence('study_sessions', 'id'), 55);

SET session_replication_role = 'origin';